,uf,natureza_juridica,quantidade_contemplados,valor_contemplados,total_quantidade_uf,total_valor_uf,perc_quantidade_contemplados_na_uf,perc_valor_contemplados_na_uf,perc_quantidade_contemplados,perc_valor_contemplados
0,AC,Microempresa-ME,13,2797027.9299999997,62,8445940.91,0.20967741935483872,0.3311683043730885,0.20967741935483872,0.3311683043730885
1,AC,MEI,5,618000.0,62,8445940.91,0.08064516129032258,0.07317124362879304,0.08064516129032258,0.07317124362879304
2,AC,Empresa de Pequeno Porte (EPP),3,436793.89,62,8445940.91,0.04838709677419355,0.05171642741223014,0.04838709677419355,0.05171642741223014
3,AC,Administração Pública,2,184326.53000000003,62,8445940.91,0.03225806451612903,0.02182427416485442,0.03225806451612903,0.02182427416485442
4,AC,Entidades sem fins lucrativos,38,4145755.34,62,8445940.91,0.6129032258064516,0.4908577249328636,0.6129032258064516,0.4908577249328636
5,AC,Entidades Empresariais,1,264037.22,62,8445940.91,0.016129032258064516,0.03126202548817027,0.016129032258064516,0.03126202548817027
6,AL,Microempresa-ME,58,2905000.0,270,17971748.39,0.21481481481481482,0.16164259241557297,0.21481481481481482,0.16164259241557297
7,AL,MEI,100,2483800.0,270,17971748.39,0.37037037037037035,0.13820580758753878,0.37037037037037035,0.13820580758753878
8,AL,Empresa de Pequeno Porte (EPP),2,45000.0,270,17971748.39,0.007407407407407408,0.0025039300029951065,0.007407407407407408,0.0025039300029951065
9,AL,Administração Pública,1,55000.0,270,17971748.39,0.003703703703703704,0.0030603588925495746,0.003703703703703704,0.0030603588925495746
10,AL,Entidades sem fins lucrativos,106,12412948.39,270,17971748.39,0.3925925925925926,0.6906923088744623,0.3925925925925926,0.6906923088744623
11,AL,Entidades Empresariais,3,70000.0,270,17971748.39,0.011111111111111112,0.0038950022268812766,0.011111111111111112,0.0038950022268812766
12,AP,Microempresa-ME,11,1670000.0,63,13290298.32,0.1746031746031746,0.12565556918213705,0.1746031746031746,0.12565556918213705
13,AP,MEI,5,130000.0,63,13290298.32,0.07936507936507936,0.009781571253699292,0.07936507936507936,0.009781571253699292
14,AP,Empresa de Pequeno Porte (EPP),3,620000.0,63,13290298.32,0.047619047619047616,0.04665057059456586,0.047619047619047616,0.04665057059456586
15,AP,Administração Pública,0,0.0,63,13290298.32,0.0,0.0,0.0,0.0
16,AP,Entidades sem fins lucrativos,44,10870298.32,63,13290298.32,0.6984126984126984,0.8179122889695978,0.6984126984126984,0.8179122889695978
17,AP,Entidades Empresariais,0,0.0,63,13290298.32,0.0,0.0,0.0,0.0
18,AM,Microempresa-ME,19,1852000.0,107,17143336.950000003,0.17757009345794392,0.1080303097000027,0.17757009345794392,0.1080303097000027
19,AM,MEI,15,950000.0,107,17143336.950000003,0.14018691588785046,0.055415115666848036,0.14018691588785046,0.055415115666848036
20,AM,Empresa de Pequeno Porte (EPP),6,720510.5800000001,107,17143336.950000003,0.056074766355140186,0.04202860750514502,0.056074766355140186,0.04202860750514502
21,AM,Administração Pública,1,129812.84,107,17143336.950000003,0.009345794392523364,0.007572203730149513,0.009345794392523364,0.007572203730149513
22,AM,Entidades sem fins lucrativos,65,13441013.530000001,107,17143336.950000003,0.6074766355140186,0.7840371783627573,0.6074766355140186,0.7840371783627573
23,AM,Entidades Empresariais,1,50000.0,107,17143336.950000003,0.009345794392523364,0.002916585035097265,0.009345794392523364,0.002916585035097265
24,BA,Microempresa-ME,57,7965691.51,405,41962275.54,0.14074074074074075,0.18982982708854307,0.14074074074074075,0.18982982708854307
25,BA,MEI,47,4578377.55,405,41962275.54,0.11604938271604938,0.10910698933940606,0.11604938271604938,0.10910698933940606
26,BA,Empresa de Pequeno Porte (EPP),5,921868.66,405,41962275.54,0.012345679012345678,0.021968986384478615,0.012345679012345678,0.021968986384478615
27,BA,Administração Pública,0,0.0,405,41962275.54,0.0,0.0,0.0,0.0
28,BA,Entidades sem fins lucrativos,292,26887077.82,405,41962275.54,0.7209876543209877,0.6407440367329517,0.7209876543209877,0.6407440367329517
29,BA,Entidades Empresariais,4,1609260.0,405,41962275.54,0.009876543209876543,0.03835016045462057,0.009876543209876543,0.03835016045462057
30,CE,Microempresa-ME,35,9140608.0,145,39759305.51,0.2413793103448276,0.22989858305500369,0.2413793103448276,0.22989858305500369
31,CE,MEI,5,1041368.0,145,39759305.51,0.034482758620689655,0.026191805582169488,0.034482758620689655,0.026191805582169488
32,CE,Empresa de Pequeno Porte (EPP),7,2716439.63,145,39759305.51,0.04827586206896552,0.06832210963334807,0.04827586206896552,0.06832210963334807
33,CE,Administração Pública,2,447228.49,145,39759305.51,0.013793103448275862,0.011248397935107695,0.013793103448275862,0.011248397935107695
34,CE,Entidades sem fins lucrativos,93,25187236.19,145,39759305.51,0.6413793103448275,0.6334928607760786,0.6413793103448275,0.6334928607760786
35,CE,Entidades Empresariais,3,1226425.2,145,39759305.51,0.020689655172413793,0.0308462430182926,0.020689655172413793,0.0308462430182926
36,DF,Microempresa-ME,10,11300277.43,32,17528501.689999998,0.3125,0.6446801688958277,0.3125,0.6446801688958277
37,DF,MEI,0,0.0,32,17528501.689999998,0.0,0.0,0.0,0.0
38,DF,Empresa de Pequeno Porte (EPP),0,0.0,32,17528501.689999998,0.0,0.0,0.0,0.0
39,DF,Administração Pública,0,0.0,32,17528501.689999998,0.0,0.0,0.0,0.0
40,DF,Entidades sem fins lucrativos,21,5528224.26,32,17528501.689999998,0.65625,0.3153848718943188,0.65625,0.3153848718943188
41,DF,Entidades Empresariais,1,700000.0,32,17528501.689999998,0.03125,0.03993495920985361,0.03125,0.03993495920985361
42,ES,Microempresa-ME,139,5296200.0,404,26851094.64,0.34405940594059403,0.1972433552898907,0.34405940594059403,0.1972433552898907
43,ES,MEI,196,8330000.0,404,26851094.64,0.48514851485148514,0.3102294380055114,0.48514851485148514,0.3102294380055114
44,ES,Empresa de Pequeno Porte (EPP),9,527500.0,404,26851094.64,0.022277227722772276,0.019645381578380226,0.022277227722772276,0.019645381578380226
45,ES,Administração Pública,0,0.0,404,26851094.64,0.0,0.0,0.0,0.0
46,ES,Entidades sem fins lucrativos,59,12692394.64,404,26851094.64,0.14603960396039603,0.4726956129785553,0.14603960396039603,0.4726956129785553
47,ES,Entidades Empresariais,1,5000.0,404,26851094.64,0.0024752475247524753,0.0001862121476623718,0.0024752475247524753,0.0001862121476623718
48,GO,Microempresa-ME,39,5840000.0,148,24311304.87,0.2635135135135135,0.24021746390118795,0.2635135135135135,0.24021746390118795
49,GO,MEI,37,3046500.0,148,24311304.87,0.25,0.12531207256420704,0.25,0.12531207256420704
50,GO,Empresa de Pequeno Porte (EPP),0,0.0,148,24311304.87,0.0,0.0,0.0,0.0
51,GO,Administração Pública,0,0.0,148,24311304.87,0.0,0.0,0.0,0.0
52,GO,Entidades sem fins lucrativos,70,15022500.0,148,24311304.87,0.47297297297297297,0.6179224060711637,0.47297297297297297,0.6179224060711637
53,GO,Entidades Empresariais,2,402304.87,148,24311304.87,0.013513513513513514,0.016548057463441287,0.013513513513513514,0.016548057463441287
54,MA,Microempresa-ME,71,13558615.7,374,49272966.83,0.18983957219251338,0.27517351952399166,0.18983957219251338,0.27517351952399166
55,MA,MEI,25,1352000.0,374,49272966.83,0.06684491978609626,0.027438980986564637,0.06684491978609626,0.027438980986564637
56,MA,Empresa de Pequeno Porte (EPP),8,1211822.0,374,49272966.83,0.0213903743315508,0.024594053858802315,0.0213903743315508,0.024594053858802315
57,MA,Administração Pública,1,56359.24,374,49272966.83,0.00267379679144385,0.0011438166529417404,0.00267379679144385,0.0011438166529417404
58,MA,Entidades sem fins lucrativos,266,22991893.29,374,49272966.83,0.7112299465240641,0.46662287191526114,0.7112299465240641,0.46662287191526114
59,MA,Entidades Empresariais,3,10102276.6,374,49272966.83,0.008021390374331552,0.2050267570624385,0.008021390374331552,0.2050267570624385
60,MT,Microempresa-ME,15,1209500.0,78,13464146.22,0.19230769230769232,0.08983116940629897,0.19230769230769232,0.08983116940629897
61,MT,MEI,21,1520000.0,78,13464146.22,0.2692307692307692,0.11289241628571678,0.2692307692307692,0.11289241628571678
62,MT,Empresa de Pequeno Porte (EPP),1,300000.0,78,13464146.22,0.01282051282051282,0.02228139795112831,0.01282051282051282,0.02228139795112831
63,MT,Administração Pública,0,0.0,78,13464146.22,0.0,0.0,0.0,0.0
64,MT,Entidades sem fins lucrativos,41,10434646.22,78,13464146.22,0.5256410256410257,0.774995016356856,0.5256410256410257,0.774995016356856
65,MT,Entidades Empresariais,0,0.0,78,13464146.22,0.0,0.0,0.0,0.0
66,MS,Microempresa-ME,12,425000.0,109,12227892.69,0.11009174311926606,0.03475660203884239,0.11009174311926606,0.03475660203884239
67,MS,MEI,61,1542210.0,109,12227892.69,0.5596330275229358,0.12612230407134853,0.5596330275229358,0.12612230407134853
68,MS,Empresa de Pequeno Porte (EPP),3,130000.0,109,12227892.69,0.027522935779816515,0.010631431211881204,0.027522935779816515,0.010631431211881204
69,MS,Administração Pública,2,1550687.4900000002,109,12227892.69,0.01834862385321101,0.12681559523892094,0.01834862385321101,0.12681559523892094
70,MS,Entidades sem fins lucrativos,29,7920000.0,109,12227892.69,0.26605504587155965,0.6476995015238395,0.26605504587155965,0.6476995015238395
71,MS,Entidades Empresariais,2,659995.2,109,12227892.69,0.01834862385321101,0.05397456591516751,0.01834862385321101,0.05397456591516751
72,MG,Microempresa-ME,108,5776720.0,655,39130505.1,0.1648854961832061,0.14762702360312746,0.1648854961832061,0.14762702360312746
73,MG,MEI,248,9257590.0,655,39130505.1,0.3786259541984733,0.23658243041692809,0.3786259541984733,0.23658243041692809
74,MG,Empresa de Pequeno Porte (EPP),10,458054.99,655,39130505.1,0.015267175572519083,0.011705828709070254,0.015267175572519083,0.011705828709070254
75,MG,Administração Pública,0,0.0,655,39130505.1,0.0,0.0,0.0,0.0
76,MG,Entidades sem fins lucrativos,283,20271555.31,655,39130505.1,0.43206106870229005,0.5180499269865034,0.43206106870229005,0.5180499269865034
77,MG,Entidades Empresariais,6,3366584.8,655,39130505.1,0.00916030534351145,0.08603479028437074,0.00916030534351145,0.08603479028437074
78,PA,Microempresa-ME,5,273170.88,67,58068933.58,0.07462686567164178,0.004704251708422712,0.07462686567164178,0.004704251708422712
79,PA,MEI,6,409240.42000000004,67,58068933.58,0.08955223880597014,0.00704749329408987,0.08955223880597014,0.00704749329408987
80,PA,Empresa de Pequeno Porte (EPP),2,4426489.4799999995,67,58068933.58,0.029850746268656716,0.07622818617637854,0.029850746268656716,0.07622818617637854
81,PA,Administração Pública,1,19987817.47,67,58068933.58,0.014925373134328358,0.3442084474043823,0.014925373134328358,0.3442084474043823
82,PA,Entidades sem fins lucrativos,53,32972215.330000002,67,58068933.58,0.7910447761194029,0.5678116214167266,0.7910447761194029,0.5678116214167266
83,PA,Entidades Empresariais,0,0.0,67,58068933.58,0.0,0.0,0.0,0.0
84,PB,Microempresa-ME,72,1570223.5,356,13665479.12,0.20224719101123595,0.11490438690158418,0.20224719101123595,0.11490438690158418
85,PB,MEI,170,3454225.0,356,13665479.12,0.47752808988764045,0.25277013485349353,0.47752808988764045,0.25277013485349353
86,PB,Empresa de Pequeno Porte (EPP),3,153000.0,356,13665479.12,0.008426966292134831,0.01119609482085982,0.008426966292134831,0.01119609482085982
87,PB,Administração Pública,1,515000.0,356,13665479.12,0.0028089887640449437,0.03768620152119482,0.0028089887640449437,0.03768620152119482
88,PB,Entidades sem fins lucrativos,106,7565423.63,356,13665479.12,0.29775280898876405,0.553615688375513,0.29775280898876405,0.553615688375513
89,PB,Entidades Empresariais,4,407606.99,356,13665479.12,0.011235955056179775,0.029827493527354643,0.011235955056179775,0.029827493527354643
90,PR,Microempresa-ME,101,18224821.38,261,43678621.66,0.38697318007662834,0.41724808813483977,0.38697318007662834,0.41724808813483977
91,PR,MEI,87,9550406.08,261,43678621.66,0.3333333333333333,0.21865172748219,0.3333333333333333,0.21865172748219
92,PR,Empresa de Pequeno Porte (EPP),7,1611863.12,261,43678621.66,0.02681992337164751,0.03690279268762073,0.02681992337164751,0.03690279268762073
93,PR,Administração Pública,2,813945.34,261,43678621.66,0.007662835249042145,0.018634867792666515,0.007662835249042145,0.018634867792666515
94,PR,Entidades sem fins lucrativos,64,13477585.74,261,43678621.66,0.24521072796934865,0.3085625239026831,0.24521072796934865,0.3085625239026831
95,PR,Entidades Empresariais,0,0.0,261,43678621.66,0.0,0.0,0.0,0.0
96,PE,Microempresa-ME,100,3500755.05,505,28982537.86,0.19801980198019803,0.12078842325369776,0.19801980198019803,0.12078842325369776
97,PE,MEI,220,6153567.94,505,28982537.86,0.43564356435643564,0.2123198447880851,0.43564356435643564,0.2123198447880851
98,PE,Empresa de Pequeno Porte (EPP),4,155000.0,505,28982537.86,0.007920792079207921,0.005348047874507288,0.007920792079207921,0.005348047874507288
99,PE,Administração Pública,0,0.0,505,28982537.86,0.0,0.0,0.0,0.0
100,PE,Entidades sem fins lucrativos,176,16188487.37,505,28982537.86,0.3485148514851485,0.5585600352943004,0.3485148514851485,0.5585600352943004
101,PE,Entidades Empresariais,5,2984727.5,505,28982537.86,0.009900990099009901,0.10298364878940937,0.009900990099009901,0.10298364878940937
102,PI,Microempresa-ME,41,4757850.0,216,24666333.77,0.18981481481481483,0.1928884139963537,0.18981481481481483,0.1928884139963537
103,PI,MEI,36,2060000.0,216,24666333.77,0.16666666666666666,0.08351464061130313,0.16666666666666666,0.08351464061130313
104,PI,Empresa de Pequeno Porte (EPP),9,2750483.77,216,24666333.77,0.041666666666666664,0.11150760366930687,0.041666666666666664,0.11150760366930687
105,PI,Administração Pública,0,0.0,216,24666333.77,0.0,0.0,0.0,0.0
106,PI,Entidades sem fins lucrativos,127,14898000.0,216,24666333.77,0.5879629629629629,0.6039811241879584,0.5879629629629629,0.6039811241879584
107,PI,Entidades Empresariais,3,200000.0,216,24666333.77,0.013888888888888888,0.008108217535077974,0.013888888888888888,0.008108217535077974
108,RJ,Microempresa-ME,148,17102398.0,605,79382145.19,0.24462809917355371,0.21544388803131562,0.24462809917355371,0.21544388803131562
109,RJ,MEI,248,20870000.0,605,79382145.19,0.4099173553719008,0.2629054675966234,0.4099173553719008,0.2629054675966234
110,RJ,Empresa de Pequeno Porte (EPP),19,4409642.98,605,79382145.19,0.03140495867768595,0.05554955676047284,0.03140495867768595,0.05554955676047284
111,RJ,Administração Pública,2,208048.17,605,79382145.19,0.003305785123966942,0.0026208433836354484,0.003305785123966942,0.0026208433836354484
112,RJ,Entidades sem fins lucrativos,173,31293592.49,605,79382145.19,0.2859504132231405,0.3942144976694601,0.2859504132231405,0.3942144976694601
113,RJ,Entidades Empresariais,15,5498463.55,605,79382145.19,0.024793388429752067,0.06926574655849257,0.024793388429752067,0.06926574655849257
114,RN,Microempresa-ME,34,1225000.0,346,15550496.56,0.09826589595375723,0.0787756194970021,0.09826589595375723,0.0787756194970021
115,RN,MEI,214,6084000.0,346,15550496.56,0.6184971098265896,0.39124152573041693,0.6184971098265896,0.39124152573041693
116,RN,Empresa de Pequeno Porte (EPP),6,1110000.0,346,15550496.56,0.017341040462427744,0.07138035725850801,0.017341040462427744,0.07138035725850801
117,RN,Administração Pública,1,15086.51,346,15550496.56,0.002890173410404624,0.0009701625888144629,0.002890173410404624,0.0009701625888144629
118,RN,Entidades sem fins lucrativos,88,5844047.2,346,15550496.56,0.2543352601156069,0.3758109702446698,0.2543352601156069,0.3758109702446698
119,RN,Entidades Empresariais,3,1272362.85,346,15550496.56,0.008670520231213872,0.0818213646805887,0.008670520231213872,0.0818213646805887
120,RS,Microempresa-ME,162,26803831.24,545,70326675.24,0.29724770642201837,0.3811332065468477,0.29724770642201837,0.3811332065468477
121,RS,MEI,238,22242844.0,545,70326675.24,0.43669724770642204,0.31627890731494224,0.43669724770642204,0.31627890731494224
122,RS,Empresa de Pequeno Porte (EPP),12,2520000.0,545,70326675.24,0.022018348623853212,0.0358327759900512,0.022018348623853212,0.0358327759900512
123,RS,Administração Pública,0,0.0,545,70326675.24,0.0,0.0,0.0,0.0
124,RS,Entidades sem fins lucrativos,129,18040000.0,545,70326675.24,0.23669724770642203,0.25651717415100145,0.23669724770642203,0.25651717415100145
125,RS,Entidades Empresariais,4,720000.0,545,70326675.24,0.007339449541284404,0.010237935997157485,0.007339449541284404,0.010237935997157485
126,RO,Microempresa-ME,1,6237.0,3,172142.41999999998,0.3333333333333333,0.036231627276995415,0.3333333333333333,0.036231627276995415
127,RO,MEI,0,0.0,3,172142.41999999998,0.0,0.0,0.0,0.0
128,RO,Empresa de Pequeno Porte (EPP),1,125905.42,3,172142.41999999998,0.3333333333333333,0.7314026374208055,0.3333333333333333,0.7314026374208055
129,RO,Administração Pública,0,0.0,3,172142.41999999998,0.0,0.0,0.0,0.0
130,RO,Entidades sem fins lucrativos,1,40000.0,3,172142.41999999998,0.3333333333333333,0.2323657353021992,0.3333333333333333,0.2323657353021992
131,RO,Entidades Empresariais,0,0.0,3,172142.41999999998,0.0,0.0,0.0,0.0
132,RR,Microempresa-ME,20,2666663.91,70,5524676.92,0.2857142857142857,0.4826823266979384,0.2857142857142857,0.4826823266979384
133,RR,MEI,11,250449.91999999998,70,5524676.92,0.15714285714285714,0.04533295315303252,0.15714285714285714,0.04533295315303252
134,RR,Empresa de Pequeno Porte (EPP),1,180000.0,70,5524676.92,0.014285714285714285,0.032581090732813386,0.014285714285714285,0.032581090732813386
135,RR,Administração Pública,0,0.0,70,5524676.92,0.0,0.0,0.0,0.0
136,RR,Entidades sem fins lucrativos,38,2427563.09,70,5524676.92,0.5428571428571428,0.4394036294162157,0.5428571428571428,0.4394036294162157
137,RR,Entidades Empresariais,0,0.0,70,5524676.92,0.0,0.0,0.0,0.0
138,SC,Microempresa-ME,189,8152590.2,720,32437067.48,0.2625,0.2513356117974201,0.2625,0.2513356117974201
139,SC,MEI,328,6720825.2,720,32437067.48,0.45555555555555555,0.20719583248836895,0.45555555555555555,0.20719583248836895
140,SC,Empresa de Pequeno Porte (EPP),9,400000.0,720,32437067.48,0.0125,0.012331570979609406,0.0125,0.012331570979609406
141,SC,Administração Pública,2,145612.08000000002,720,32437067.48,0.002777777777777778,0.004489064250021408,0.002777777777777778,0.004489064250021408
142,SC,Entidades sem fins lucrativos,190,16878040.0,720,32437067.48,0.2638888888888889,0.5203318706417168,0.2638888888888889,0.5203318706417168
143,SC,Entidades Empresariais,2,140000.0,720,32437067.48,0.002777777777777778,0.004316049842863292,0.002777777777777778,0.004316049842863292
144,SP,Microempresa-ME,225,82525000.0,623,229566077.95,0.3611556982343499,0.35948255394237355,0.3611556982343499,0.35948255394237355
145,SP,MEI,96,23325000.0,623,229566077.95,0.15409309791332262,0.10160473275620555,0.15409309791332262,0.10160473275620555
146,SP,Empresa de Pequeno Porte (EPP),32,12550000.0,623,229566077.95,0.051364365971107544,0.0546683556737569,0.051364365971107544,0.0546683556737569
147,SP,Administração Pública,0,0.0,623,229566077.95,0.0,0.0,0.0,0.0
148,SP,Entidades sem fins lucrativos,255,100660000.0,623,229566077.95,0.40930979133226325,0.43847941690202147,0.40930979133226325,0.43847941690202147
149,SP,Entidades Empresariais,15,10506077.95,623,229566077.95,0.024077046548956663,0.045764940725642606,0.024077046548956663,0.045764940725642606
150,SE,Microempresa-ME,19,2963929.0,137,17078351.310000002,0.1386861313868613,0.173548895101163,0.1386861313868613,0.173548895101163
151,SE,MEI,34,1893360.04,137,17078351.310000002,0.24817518248175183,0.11086316270419898,0.24817518248175183,0.11086316270419898
152,SE,Empresa de Pequeno Porte (EPP),4,731461.01,137,17078351.310000002,0.029197080291970802,0.04282972031215348,0.029197080291970802,0.04282972031215348
153,SE,Administração Pública,0,0.0,137,17078351.310000002,0.0,0.0,0.0,0.0
154,SE,Entidades sem fins lucrativos,78,8884398.0,137,17078351.310000002,0.5693430656934306,0.5202140322993507,0.5693430656934306,0.5202140322993507
155,SE,Entidades Empresariais,2,2605203.26,137,17078351.310000002,0.014598540145985401,0.15254418958313368,0.014598540145985401,0.15254418958313368
156,TO,Microempresa-ME,26,2355353.86,100,9978803.86,0.26,0.23603569055419835,0.26,0.23603569055419835
157,TO,MEI,21,1100000.0,100,9978803.86,0.21,0.11023365279373275,0.21,0.11023365279373275
158,TO,Empresa de Pequeno Porte (EPP),1,25000.0,100,9978803.86,0.01,0.002505310290766653,0.01,0.002505310290766653
159,TO,Administração Pública,0,0.0,100,9978803.86,0.0,0.0,0.0,0.0
160,TO,Entidades sem fins lucrativos,50,6181450.0,100,9978803.86,0.5,0.6194580118743811,0.5,0.6194580118743811
161,TO,Entidades Empresariais,2,317000.0,100,9978803.86,0.02,0.031767334486921164,0.02,0.031767334486921164
