,visao,uf_bbagil,faixa_vlr_pago_ju_bbagil,metrica,valor_boxplot,unidade_observacao
0,ESTADO,AC,Até 2 mil,quantidade_contemplados,13.0,uf_faixa
1,ESTADO,AC,De 2 a 10 mil,quantidade_contemplados,25.0,uf_faixa
2,ESTADO,AC,De 10 a 50 mil,quantidade_contemplados,368.0,uf_faixa
3,ESTADO,AC,De 50 a 200 mil,quantidade_contemplados,36.0,uf_faixa
4,ESTADO,AC,Acima de 200 mil,quantidade_contemplados,10.0,uf_faixa
5,ESTADO,AL,De 2 a 10 mil,quantidade_contemplados,455.0,uf_faixa
6,ESTADO,AL,De 10 a 50 mil,quantidade_contemplados,704.0,uf_faixa
7,ESTADO,AL,De 50 a 200 mil,quantidade_contemplados,98.0,uf_faixa
8,ESTADO,AL,Acima de 200 mil,quantidade_contemplados,12.0,uf_faixa
9,ESTADO,AM,De 2 a 10 mil,quantidade_contemplados,33.0,uf_faixa
10,ESTADO,AM,De 10 a 50 mil,quantidade_contemplados,376.0,uf_faixa
11,ESTADO,AM,De 50 a 200 mil,quantidade_contemplados,196.0,uf_faixa
12,ESTADO,AM,Acima de 200 mil,quantidade_contemplados,17.0,uf_faixa
13,ESTADO,AP,De 2 a 10 mil,quantidade_contemplados,50.0,uf_faixa
14,ESTADO,AP,De 10 a 50 mil,quantidade_contemplados,143.0,uf_faixa
15,ESTADO,AP,De 50 a 200 mil,quantidade_contemplados,23.0,uf_faixa
16,ESTADO,AP,Acima de 200 mil,quantidade_contemplados,20.0,uf_faixa
17,ESTADO,BA,De 2 a 10 mil,quantidade_contemplados,199.0,uf_faixa
18,ESTADO,BA,De 10 a 50 mil,quantidade_contemplados,647.0,uf_faixa
19,ESTADO,BA,De 50 a 200 mil,quantidade_contemplados,280.0,uf_faixa
20,ESTADO,BA,Acima de 200 mil,quantidade_contemplados,62.0,uf_faixa
21,ESTADO,CE,De 2 a 10 mil,quantidade_contemplados,78.0,uf_faixa
22,ESTADO,CE,De 10 a 50 mil,quantidade_contemplados,486.0,uf_faixa
23,ESTADO,CE,De 50 a 200 mil,quantidade_contemplados,293.0,uf_faixa
24,ESTADO,CE,Acima de 200 mil,quantidade_contemplados,56.0,uf_faixa
25,ESTADO,DF,De 10 a 50 mil,quantidade_contemplados,11.0,uf_faixa
26,ESTADO,DF,De 50 a 200 mil,quantidade_contemplados,48.0,uf_faixa
27,ESTADO,DF,Acima de 200 mil,quantidade_contemplados,17.0,uf_faixa
28,ESTADO,ES,De 2 a 10 mil,quantidade_contemplados,167.0,uf_faixa
29,ESTADO,ES,De 10 a 50 mil,quantidade_contemplados,189.0,uf_faixa
30,ESTADO,ES,De 50 a 200 mil,quantidade_contemplados,123.0,uf_faixa
31,ESTADO,ES,Acima de 200 mil,quantidade_contemplados,16.0,uf_faixa
32,ESTADO,GO,De 2 a 10 mil,quantidade_contemplados,12.0,uf_faixa
33,ESTADO,GO,De 10 a 50 mil,quantidade_contemplados,180.0,uf_faixa
34,ESTADO,GO,De 50 a 200 mil,quantidade_contemplados,216.0,uf_faixa
35,ESTADO,GO,Acima de 200 mil,quantidade_contemplados,63.0,uf_faixa
36,ESTADO,MA,De 2 a 10 mil,quantidade_contemplados,81.0,uf_faixa
37,ESTADO,MA,De 10 a 50 mil,quantidade_contemplados,491.0,uf_faixa
38,ESTADO,MA,De 50 a 200 mil,quantidade_contemplados,157.0,uf_faixa
39,ESTADO,MA,Acima de 200 mil,quantidade_contemplados,61.0,uf_faixa
40,ESTADO,MG,Até 2 mil,quantidade_contemplados,8.0,uf_faixa
41,ESTADO,MG,De 2 a 10 mil,quantidade_contemplados,247.0,uf_faixa
42,ESTADO,MG,De 10 a 50 mil,quantidade_contemplados,2452.0,uf_faixa
43,ESTADO,MG,De 50 a 200 mil,quantidade_contemplados,568.0,uf_faixa
44,ESTADO,MG,Acima de 200 mil,quantidade_contemplados,9.0,uf_faixa
45,ESTADO,MS,Até 2 mil,quantidade_contemplados,1.0,uf_faixa
46,ESTADO,MS,De 2 a 10 mil,quantidade_contemplados,239.0,uf_faixa
47,ESTADO,MS,De 10 a 50 mil,quantidade_contemplados,195.0,uf_faixa
48,ESTADO,MS,De 50 a 200 mil,quantidade_contemplados,66.0,uf_faixa
49,ESTADO,MS,Acima de 200 mil,quantidade_contemplados,19.0,uf_faixa
50,ESTADO,MT,De 10 a 50 mil,quantidade_contemplados,59.0,uf_faixa
51,ESTADO,MT,De 50 a 200 mil,quantidade_contemplados,168.0,uf_faixa
52,ESTADO,MT,Acima de 200 mil,quantidade_contemplados,12.0,uf_faixa
53,ESTADO,PA,De 10 a 50 mil,quantidade_contemplados,478.0,uf_faixa
54,ESTADO,PA,De 50 a 200 mil,quantidade_contemplados,88.0,uf_faixa
55,ESTADO,PA,Acima de 200 mil,quantidade_contemplados,7.0,uf_faixa
56,ESTADO,PB,Até 2 mil,quantidade_contemplados,45.0,uf_faixa
57,ESTADO,PB,De 2 a 10 mil,quantidade_contemplados,873.0,uf_faixa
58,ESTADO,PB,De 10 a 50 mil,quantidade_contemplados,733.0,uf_faixa
59,ESTADO,PB,De 50 a 200 mil,quantidade_contemplados,99.0,uf_faixa
60,ESTADO,PB,Acima de 200 mil,quantidade_contemplados,5.0,uf_faixa
61,ESTADO,PE,Até 2 mil,quantidade_contemplados,4.0,uf_faixa
62,ESTADO,PE,De 2 a 10 mil,quantidade_contemplados,681.0,uf_faixa
63,ESTADO,PE,De 10 a 50 mil,quantidade_contemplados,1143.0,uf_faixa
64,ESTADO,PE,De 50 a 200 mil,quantidade_contemplados,397.0,uf_faixa
65,ESTADO,PE,Acima de 200 mil,quantidade_contemplados,16.0,uf_faixa
66,ESTADO,PI,De 2 a 10 mil,quantidade_contemplados,293.0,uf_faixa
67,ESTADO,PI,De 10 a 50 mil,quantidade_contemplados,163.0,uf_faixa
68,ESTADO,PI,De 50 a 200 mil,quantidade_contemplados,167.0,uf_faixa
69,ESTADO,PI,Acima de 200 mil,quantidade_contemplados,6.0,uf_faixa
70,ESTADO,PR,De 2 a 10 mil,quantidade_contemplados,182.0,uf_faixa
71,ESTADO,PR,De 10 a 50 mil,quantidade_contemplados,181.0,uf_faixa
72,ESTADO,PR,De 50 a 200 mil,quantidade_contemplados,216.0,uf_faixa
73,ESTADO,PR,Acima de 200 mil,quantidade_contemplados,92.0,uf_faixa
74,ESTADO,RJ,De 2 a 10 mil,quantidade_contemplados,1.0,uf_faixa
75,ESTADO,RJ,De 10 a 50 mil,quantidade_contemplados,432.0,uf_faixa
76,ESTADO,RJ,De 50 a 200 mil,quantidade_contemplados,372.0,uf_faixa
77,ESTADO,RJ,Acima de 200 mil,quantidade_contemplados,48.0,uf_faixa
78,ESTADO,RN,De 2 a 10 mil,quantidade_contemplados,214.0,uf_faixa
79,ESTADO,RN,De 10 a 50 mil,quantidade_contemplados,655.0,uf_faixa
80,ESTADO,RN,De 50 a 200 mil,quantidade_contemplados,72.0,uf_faixa
81,ESTADO,RN,Acima de 200 mil,quantidade_contemplados,5.0,uf_faixa
82,ESTADO,RO,Até 2 mil,quantidade_contemplados,2.0,uf_faixa
83,ESTADO,RO,De 2 a 10 mil,quantidade_contemplados,15.0,uf_faixa
84,ESTADO,RO,De 10 a 50 mil,quantidade_contemplados,13.0,uf_faixa
85,ESTADO,RO,De 50 a 200 mil,quantidade_contemplados,1.0,uf_faixa
86,ESTADO,RR,Até 2 mil,quantidade_contemplados,1.0,uf_faixa
87,ESTADO,RR,De 2 a 10 mil,quantidade_contemplados,212.0,uf_faixa
88,ESTADO,RR,De 10 a 50 mil,quantidade_contemplados,189.0,uf_faixa
89,ESTADO,RR,De 50 a 200 mil,quantidade_contemplados,76.0,uf_faixa
90,ESTADO,RR,Acima de 200 mil,quantidade_contemplados,2.0,uf_faixa
91,ESTADO,RS,Até 2 mil,quantidade_contemplados,13.0,uf_faixa
92,ESTADO,RS,De 2 a 10 mil,quantidade_contemplados,119.0,uf_faixa
93,ESTADO,RS,De 50 a 200 mil,quantidade_contemplados,443.0,uf_faixa
94,ESTADO,RS,Acima de 200 mil,quantidade_contemplados,45.0,uf_faixa
95,ESTADO,SC,Até 2 mil,quantidade_contemplados,2.0,uf_faixa
96,ESTADO,SC,De 2 a 10 mil,quantidade_contemplados,6.0,uf_faixa
97,ESTADO,SC,De 10 a 50 mil,quantidade_contemplados,564.0,uf_faixa
98,ESTADO,SC,De 50 a 200 mil,quantidade_contemplados,113.0,uf_faixa
99,ESTADO,SC,Acima de 200 mil,quantidade_contemplados,14.0,uf_faixa
100,ESTADO,SE,De 2 a 10 mil,quantidade_contemplados,75.0,uf_faixa
101,ESTADO,SE,De 10 a 50 mil,quantidade_contemplados,109.0,uf_faixa
102,ESTADO,SE,De 50 a 200 mil,quantidade_contemplados,97.0,uf_faixa
103,ESTADO,SE,Acima de 200 mil,quantidade_contemplados,20.0,uf_faixa
104,ESTADO,SP,De 2 a 10 mil,quantidade_contemplados,129.0,uf_faixa
105,ESTADO,SP,De 10 a 50 mil,quantidade_contemplados,197.0,uf_faixa
106,ESTADO,SP,De 50 a 200 mil,quantidade_contemplados,428.0,uf_faixa
107,ESTADO,SP,Acima de 200 mil,quantidade_contemplados,457.0,uf_faixa
108,ESTADO,TO,De 2 a 10 mil,quantidade_contemplados,93.0,uf_faixa
109,ESTADO,TO,De 10 a 50 mil,quantidade_contemplados,296.0,uf_faixa
110,ESTADO,TO,De 50 a 200 mil,quantidade_contemplados,83.0,uf_faixa
111,ESTADO,TO,Acima de 200 mil,quantidade_contemplados,13.0,uf_faixa
