,uf,natureza_juridica,quantidade_contemplados,valor_contemplados,total_quantidade_uf,total_valor_uf,perc_quantidade_contemplados_na_uf,perc_valor_contemplados_na_uf,perc_quantidade_contemplados,perc_valor_contemplados
0,AC,Microempresa-ME,26,3088031.04,121,9907022.56,0.21487603305785125,0.3117012221682071,0.21487603305785125,0.3117012221682071
1,AC,MEI,11,728685.93,121,9907022.56,0.09090909090909091,0.07355246499004642,0.09090909090909091,0.07355246499004642
2,AC,Empresa de Pequeno Porte (EPP),4,486793.89,121,9907022.56,0.03305785123966942,0.04913624522926291,0.03305785123966942,0.04913624522926291
3,AC,Administração Pública,3,188267.95,121,9907022.56,0.024793388429752067,0.019003484534307953,0.024793388429752067,0.019003484534307953
4,AC,Entidades sem fins lucrativos,76,5151206.53,121,9907022.56,0.628099173553719,0.5199550620585243,0.628099173553719,0.5199550620585243
5,AC,Entidades Empresariais,1,264037.22,121,9907022.56,0.008264462809917356,0.026651521019651334,0.008264462809917356,0.026651521019651334
6,AL,Microempresa-ME,172,4688957.54,692,27201055.630000003,0.24855491329479767,0.17238145474135774,0.24855491329479767,0.17238145474135774
7,AL,MEI,210,3766483.99,692,27201055.630000003,0.30346820809248554,0.1384683021583159,0.30346820809248554,0.1384683021583159
8,AL,Empresa de Pequeno Porte (EPP),23,374956.8,692,27201055.630000003,0.033236994219653176,0.013784641489665597,0.033236994219653176,0.013784641489665597
9,AL,Administração Pública,4,156304.56,692,27201055.630000003,0.005780346820809248,0.005746268164225654,0.005780346820809248,0.005746268164225654
10,AL,Entidades sem fins lucrativos,258,17744219.07,692,27201055.630000003,0.37283236994219654,0.6523356781208862,0.37283236994219654,0.6523356781208862
11,AL,Entidades Empresariais,25,470133.67,692,27201055.630000003,0.036127167630057806,0.017283655325548847,0.036127167630057806,0.017283655325548847
12,AP,Microempresa-ME,29,3104490.0,124,18382459.71,0.23387096774193547,0.16888327508810844,0.23387096774193547,0.16888327508810844
13,AP,MEI,7,134780.67,124,18382459.71,0.056451612903225805,0.007332025861951421,0.056451612903225805,0.007332025861951421
14,AP,Empresa de Pequeno Porte (EPP),6,695172.63,124,18382459.71,0.04838709677419355,0.03781717142139734,0.04838709677419355,0.03781717142139734
15,AP,Administração Pública,0,0.0,124,18382459.71,0.0,0.0,0.0,0.0
16,AP,Entidades sem fins lucrativos,81,14436135.01,124,18382459.71,0.6532258064516129,0.7853211832226559,0.6532258064516129,0.7853211832226559
17,AP,Entidades Empresariais,1,11881.4,124,18382459.71,0.008064516129032258,0.0006463444058869095,0.008064516129032258,0.0006463444058869095
18,AM,Microempresa-ME,84,4743294.77,370,30990641.580000002,0.22702702702702704,0.15305571385979674,0.22702702702702704,0.15305571385979674
19,AM,MEI,71,2096882.54,370,30990641.580000002,0.1918918918918919,0.06766179830730694,0.1918918918918919,0.06766179830730694
20,AM,Empresa de Pequeno Porte (EPP),42,3154838.47,370,30990641.580000002,0.11351351351351352,0.10179971466082827,0.11351351351351352,0.10179971466082827
21,AM,Administração Pública,3,276211.94999999995,370,30990641.580000002,0.008108108108108109,0.00891275352551123,0.008108108108108109,0.00891275352551123
22,AM,Entidades sem fins lucrativos,163,18626101.78,370,30990641.580000002,0.44054054054054054,0.6010234325713498,0.44054054054054054,0.6010234325713498
23,AM,Entidades Empresariais,7,2093312.0699999998,370,30990641.580000002,0.01891891891891892,0.06754658707520697,0.01891891891891892,0.06754658707520697
24,BA,Microempresa-ME,532,18401987.37,1848,78141613.48,0.2878787878787879,0.23549535964867052,0.2878787878787879,0.23549535964867052
25,BA,MEI,306,8895946.63,1848,78141613.48,0.16558441558441558,0.11384390766741563,0.16558441558441558,0.11384390766741563
26,BA,Empresa de Pequeno Porte (EPP),106,3592321.84,1848,78141613.48,0.05735930735930736,0.045971943501261825,0.05735930735930736,0.045971943501261825
27,BA,Administração Pública,6,350023.22,1848,78141613.48,0.003246753246753247,0.004479344671960054,0.003246753246753247,0.004479344671960054
28,BA,Entidades sem fins lucrativos,858,42404598.04,1848,78141613.48,0.4642857142857143,0.5426634561475143,0.4642857142857143,0.5426634561475143
29,BA,Entidades Empresariais,40,4496736.38,1848,78141613.48,0.021645021645021644,0.05754598836317757,0.021645021645021644,0.05754598836317757
30,CE,Microempresa-ME,254,15866996.85,838,60953830.41,0.3031026252983294,0.26031172681474146,0.3031026252983294,0.26031172681474146
31,CE,MEI,130,1952742.89,838,60953830.41,0.15513126491646778,0.032036426207591305,0.15513126491646778,0.032036426207591305
32,CE,Empresa de Pequeno Porte (EPP),61,5491710.41,838,60953830.41,0.07279236276849642,0.09009623141089815,0.07279236276849642,0.09009623141089815
33,CE,Administração Pública,3,447785.26,838,60953830.41,0.003579952267303103,0.007346302225602823,0.003579952267303103,0.007346302225602823
34,CE,Entidades sem fins lucrativos,365,35223691.02,838,60953830.41,0.43556085918854415,0.5778749388360219,0.43556085918854415,0.5778749388360219
35,CE,Entidades Empresariais,25,1970903.98,838,60953830.41,0.029832935560859187,0.03233437450514441,0.029832935560859187,0.03233437450514441
36,DF,Microempresa-ME,19,14942206.43,98,31432000.71,0.19387755102040816,0.4753819703639221,0.19387755102040816,0.4753819703639221
37,DF,MEI,3,40486.37,98,31432000.71,0.030612244897959183,0.0012880621368502126,0.030612244897959183,0.0012880621368502126
38,DF,Empresa de Pequeno Porte (EPP),1,993.92,98,31432000.71,0.01020408163265306,3.16212769645232e-05,0.01020408163265306,3.16212769645232e-05
39,DF,Administração Pública,0,0.0,98,31432000.71,0.0,0.0,0.0,0.0
40,DF,Entidades sem fins lucrativos,74,15748313.99,98,31432000.71,0.7551020408163265,0.5010280489396184,0.7551020408163265,0.5010280489396184
41,DF,Entidades Empresariais,1,700000.0,98,31432000.71,0.01020408163265306,0.02227029728264472,0.01020408163265306,0.02227029728264472
42,ES,Microempresa-ME,282,8929636.4,957,41484269.32,0.2946708463949843,0.2152535538499874,0.2946708463949843,0.2152535538499874
43,ES,MEI,464,12497619.41,957,41484269.32,0.48484848484848486,0.3012616496531799,0.48484848484848486,0.3012616496531799
44,ES,Empresa de Pequeno Porte (EPP),21,890784.47,957,41484269.32,0.0219435736677116,0.021472825352875227,0.0219435736677116,0.021472825352875227
45,ES,Administração Pública,1,660.0,957,41484269.32,0.0010449320794148381,1.5909645049040484e-05,0.0010449320794148381,1.5909645049040484e-05
46,ES,Entidades sem fins lucrativos,187,19050278.32,957,41484269.32,0.19540229885057472,0.45921691841913825,0.19540229885057472,0.45921691841913825
47,ES,Entidades Empresariais,2,115290.72,957,41484269.32,0.0020898641588296763,0.0027791430797701705,0.0020898641588296763,0.0027791430797701705
48,GO,Microempresa-ME,311,11781819.11,793,42419699.5,0.3921815889029004,0.27774404931840685,0.3921815889029004,0.27774404931840685
49,GO,MEI,178,5272553.67,793,42419699.5,0.2244640605296343,0.12429493212227964,0.2244640605296343,0.12429493212227964
50,GO,Empresa de Pequeno Porte (EPP),38,1244188.97,793,42419699.5,0.04791929382093316,0.02933045223481604,0.04791929382093316,0.02933045223481604
51,GO,Administração Pública,0,0.0,793,42419699.5,0.0,0.0,0.0,0.0
52,GO,Entidades sem fins lucrativos,239,23351874.73,793,42419699.5,0.30138713745271123,0.5504959960878554,0.30138713745271123,0.5504959960878554
53,GO,Entidades Empresariais,27,769263.02,793,42419699.5,0.034047919293820936,0.01813457023664206,0.034047919293820936,0.01813457023664206
54,MA,Microempresa-ME,251,21865465.65,902,70451895.72,0.27827050997782704,0.3103602170891307,0.27827050997782704,0.3103602170891307
55,MA,MEI,84,2558573.27,902,70451895.72,0.09312638580931264,0.03631659934558252,0.09312638580931264,0.03631659934558252
56,MA,Empresa de Pequeno Porte (EPP),72,6122836.11,902,70451895.72,0.07982261640798226,0.08690803912976666,0.07982261640798226,0.08690803912976666
57,MA,Administração Pública,2,57040.53,902,70451895.72,0.0022172949002217295,0.0008096379723648408,0.0022172949002217295,0.0008096379723648408
58,MA,Entidades sem fins lucrativos,486,29623643.8,902,70451895.72,0.5388026607538803,0.4204804355830895,0.5388026607538803,0.4204804355830895
59,MA,Entidades Empresariais,7,10224336.36,902,70451895.72,0.007760532150776054,0.14512507088006574,0.007760532150776054,0.14512507088006574
60,MT,Microempresa-ME,189,3943730.73,637,25045058.35,0.2967032967032967,0.1574654239126578,0.2967032967032967,0.1574654239126578
61,MT,MEI,187,3737502.71,637,25045058.35,0.29356357927786497,0.14923114403524637,0.29356357927786497,0.14923114403524637
62,MT,Empresa de Pequeno Porte (EPP),59,1270088.44,637,25045058.35,0.09262166405023547,0.050712137390568304,0.09262166405023547,0.050712137390568304
63,MT,Administração Pública,2,77743.53,637,25045058.35,0.0031397174254317113,0.003104146491237861,0.0031397174254317113,0.003104146491237861
64,MT,Entidades sem fins lucrativos,185,15659700.15,637,25045058.35,0.2904238618524333,0.6252610767025824,0.2904238618524333,0.6252610767025824
65,MT,Entidades Empresariais,15,356292.79,637,25045058.35,0.023547880690737835,0.014226071467707319,0.023547880690737835,0.014226071467707319
66,MS,Microempresa-ME,89,1776048.54,372,18129391.55,0.239247311827957,0.09796514875315823,0.239247311827957,0.09796514875315823
67,MS,MEI,121,2306500.64,372,18129391.55,0.32526881720430106,0.12722438222147617,0.32526881720430106,0.12722438222147617
68,MS,Empresa de Pequeno Porte (EPP),16,717418.14,372,18129391.55,0.043010752688172046,0.039572102462534106,0.043010752688172046,0.039572102462534106
69,MS,Administração Pública,5,1665246.4600000002,372,18129391.55,0.013440860215053764,0.0918534113738638,0.013440860215053764,0.0918534113738638
70,MS,Entidades sem fins lucrativos,135,10851922.85,372,18129391.55,0.3629032258064516,0.5985817461149158,0.3629032258064516,0.5985817461149158
71,MS,Entidades Empresariais,6,812254.92,372,18129391.55,0.016129032258064516,0.04480320907405191,0.016129032258064516,0.04480320907405191
72,MG,Microempresa-ME,1370,26032501.73,4224,106502028.22,0.3243371212121212,0.24443198092176202,0.3243371212121212,0.24443198092176202
73,MG,MEI,953,17372965.86,4224,106502028.22,0.2256155303030303,0.1631233334271613,0.2256155303030303,0.1631233334271613
74,MG,Empresa de Pequeno Porte (EPP),335,5447590.71,4224,106502028.22,0.07930871212121213,0.051150112359803844,0.07930871212121213,0.051150112359803844
75,MG,Administração Pública,27,3553376.82,4224,106502028.22,0.006392045454545455,0.03336440516099685,0.006392045454545455,0.03336440516099685
76,MG,Entidades sem fins lucrativos,1450,48487233.77,4224,106502028.22,0.34327651515151514,0.45527052001151086,0.34327651515151514,0.45527052001151086
77,MG,Entidades Empresariais,89,5608359.33,4224,106502028.22,0.021070075757575756,0.05265964811876519,0.021070075757575756,0.05265964811876519
78,PA,Microempresa-ME,120,5405053.649999999,475,72158060.99,0.25263157894736843,0.07490574962579798,0.25263157894736843,0.07490574962579798
79,PA,MEI,77,1787069.86,475,72158060.99,0.16210526315789472,0.02476604603119339,0.16210526315789472,0.02476604603119339
80,PA,Empresa de Pequeno Porte (EPP),62,6797946.52,475,72158060.99,0.13052631578947368,0.09420910743350062,0.13052631578947368,0.09420910743350062
81,PA,Administração Pública,2,20004778.59,475,72158060.99,0.004210526315789474,0.2772355342637652,0.004210526315789474,0.2772355342637652
82,PA,Entidades sem fins lucrativos,208,37958466.42,475,72158060.99,0.4378947368421053,0.5260460979579324,0.4378947368421053,0.5260460979579324
83,PA,Entidades Empresariais,6,204745.95,475,72158060.99,0.01263157894736842,0.0028374646878104814,0.01263157894736842,0.0028374646878104814
84,PB,Microempresa-ME,428,5152674.19,1280,25707283.76,0.334375,0.20043635251801492,0.334375,0.20043635251801492
85,PB,MEI,450,5857830.94,1280,25707283.76,0.3515625,0.22786658422134287,0.3515625,0.22786658422134287
86,PB,Empresa de Pequeno Porte (EPP),88,1290263.8,1280,25707283.76,0.06875,0.05019059236462872,0.06875,0.05019059236462872
87,PB,Administração Pública,3,516523.04,1280,25707283.76,0.00234375,0.02009247825722059,0.00234375,0.02009247825722059
88,PB,Entidades sem fins lucrativos,287,12162571.31,1280,25707283.76,0.22421875,0.4731177133900357,0.22421875,0.4731177133900357
89,PB,Entidades Empresariais,24,727420.48,1280,25707283.76,0.01875,0.02829627924875716,0.01875,0.02829627924875716
90,PR,Microempresa-ME,897,36547624.95,2149,87786018.5,0.41740344346207536,0.4163262621370623,0.41740344346207536,0.4163262621370623
91,PR,MEI,541,17235129.830000002,2149,87786018.5,0.2517449976733364,0.19633114845047908,0.2517449976733364,0.19633114845047908
92,PR,Empresa de Pequeno Porte (EPP),238,7547078.63,2149,87786018.5,0.11074918566775244,0.08597130566982031,0.11074918566775244,0.08597130566982031
93,PR,Administração Pública,17,1012106.89,2149,87786018.5,0.007910656119125175,0.011529249273333885,0.007910656119125175,0.011529249273333885
94,PR,Entidades sem fins lucrativos,400,24130055.8,2149,87786018.5,0.18613308515588645,0.2748735642908785,0.18613308515588645,0.2748735642908785
95,PR,Entidades Empresariais,56,1314022.4,2149,87786018.5,0.026058631921824105,0.014968470178425963,0.026058631921824105,0.014968470178425963
96,PE,Microempresa-ME,343,9206424.63,1410,49079558.6,0.24326241134751772,0.18758165094826262,0.24326241134751772,0.18758165094826262
97,PE,MEI,472,9555390.02,1410,49079558.6,0.3347517730496454,0.1946918491642669,0.3347517730496454,0.1946918491642669
98,PE,Empresa de Pequeno Porte (EPP),47,1315642.29,1410,49079558.6,0.03333333333333333,0.026806318710453927,0.03333333333333333,0.026806318710453927
99,PE,Administração Pública,2,25795.0,1410,49079558.6,0.0014184397163120568,0.000525575223897796,0.0014184397163120568,0.000525575223897796
100,PE,Entidades sem fins lucrativos,523,25151007.09,1410,49079558.6,0.3709219858156028,0.5124538159558754,0.3709219858156028,0.5124538159558754
101,PE,Entidades Empresariais,23,3825299.57,1410,49079558.6,0.016312056737588652,0.07794078999724337,0.016312056737588652,0.07794078999724337
102,PI,Microempresa-ME,292,11321335.02,790,38469447.67,0.369620253164557,0.2942941920330409,0.369620253164557,0.2942941920330409
103,PI,MEI,107,2789967.54,790,38469447.67,0.13544303797468354,0.0725242421968987,0.13544303797468354,0.0725242421968987
104,PI,Empresa de Pequeno Porte (EPP),101,4669761.5,790,38469447.67,0.12784810126582277,0.1213888366700327,0.12784810126582277,0.1213888366700327
105,PI,Administração Pública,0,0.0,790,38469447.67,0.0,0.0,0.0,0.0
106,PI,Entidades sem fins lucrativos,269,18999637.19,790,38469447.67,0.34050632911392403,0.4938890038916953,0.34050632911392403,0.4938890038916953
107,PI,Entidades Empresariais,21,688746.42,790,38469447.67,0.026582278481012658,0.01790372520833232,0.026582278481012658,0.01790372520833232
108,RJ,Microempresa-ME,391,33673502.59,1758,144848581.8,0.2224118316268487,0.23247381625382266,0.2224118316268487,0.23247381625382266
109,RJ,MEI,715,34812291.51,1758,144848581.8,0.40671217292377704,0.24033574286607198,0.40671217292377704,0.24033574286607198
110,RJ,Empresa de Pequeno Porte (EPP),40,6410919.52,1758,144848581.8,0.022753128555176336,0.044259456601735254,0.022753128555176336,0.044259456601735254
111,RJ,Administração Pública,4,501186.2,1758,144848581.8,0.0022753128555176336,0.003460069776119824,0.0022753128555176336,0.003460069776119824
112,RJ,Entidades sem fins lucrativos,572,58452580.67,1758,144848581.8,0.3253697383390216,0.4035426508400926,0.3253697383390216,0.4035426508400926
113,RJ,Entidades Empresariais,36,10998101.31,1758,144848581.8,0.020477815699658702,0.07592826366215757,0.020477815699658702,0.07592826366215757
114,RN,Microempresa-ME,217,3995920.01,976,25812796.400000002,0.2223360655737705,0.15480384023793717,0.2223360655737705,0.15480384023793717
115,RN,MEI,425,8086872.57,976,25812796.400000002,0.4354508196721312,0.31328928662684524,0.4354508196721312,0.31328928662684524
116,RN,Empresa de Pequeno Porte (EPP),48,1757453.1600000001,976,25812796.400000002,0.04918032786885246,0.06808457064341933,0.04918032786885246,0.06808457064341933
117,RN,Administração Pública,4,82294.01,976,25812796.400000002,0.004098360655737705,0.003188109057413089,0.004098360655737705,0.003188109057413089
118,RN,Entidades sem fins lucrativos,273,10505246.31,976,25812796.400000002,0.2797131147540984,0.40697823464024224,0.2797131147540984,0.40697823464024224
119,RN,Entidades Empresariais,9,1385010.34,976,25812796.400000002,0.009221311475409836,0.053655958794142894,0.009221311475409836,0.053655958794142894
120,RS,Microempresa-ME,1058,41667482.75,3584,123825777.56,0.29520089285714285,0.33650087704726866,0.29520089285714285,0.33650087704726866
121,RS,MEI,1061,34023755.16,3584,123825777.56,0.29603794642857145,0.2747711811744023,0.29603794642857145,0.2747711811744023
122,RS,Empresa de Pequeno Porte (EPP),180,5098202.4,3584,123825777.56,0.05022321428571429,0.041172383492844675,0.05022321428571429,0.041172383492844675
123,RS,Administração Pública,3,30094.91,3584,123825777.56,0.0008370535714285714,0.0002430423664040184,0.0008370535714285714,0.0002430423664040184
124,RS,Entidades sem fins lucrativos,1214,41433529.1,3584,123825777.56,0.33872767857142855,0.33461149945069646,0.33872767857142855,0.33461149945069646
125,RS,Entidades Empresariais,68,1572713.24,3584,123825777.56,0.018973214285714284,0.012701016468383886,0.018973214285714284,0.012701016468383886
126,RO,Microempresa-ME,15,169841.27,82,2391872.8099999996,0.18292682926829268,0.07100765111335498,0.18292682926829268,0.07100765111335498
127,RO,MEI,26,424150.06,82,2391872.8099999996,0.3170731707317073,0.1773296883624845,0.3170731707317073,0.1773296883624845
128,RO,Empresa de Pequeno Porte (EPP),3,136807.74,82,2391872.8099999996,0.036585365853658534,0.05719691257329022,0.036585365853658534,0.05719691257329022
129,RO,Administração Pública,1,65954.54,82,2391872.8099999996,0.012195121951219513,0.027574434444948604,0.012195121951219513,0.027574434444948604
130,RO,Entidades sem fins lucrativos,35,1395799.2,82,2391872.8099999996,0.4268292682926829,0.5835591232796363,0.4268292682926829,0.5835591232796363
131,RO,Entidades Empresariais,2,199320.0,82,2391872.8099999996,0.024390243902439025,0.0833321902262855,0.024390243902439025,0.0833321902262855
132,RR,Microempresa-ME,29,2878647.38,111,7225492.44,0.26126126126126126,0.3984015489468839,0.26126126126126126,0.3984015489468839
133,RR,MEI,23,408646.43,111,7225492.44,0.2072072072072072,0.056556204769899386,0.2072072072072072,0.056556204769899386
134,RR,Empresa de Pequeno Porte (EPP),1,180000.0,111,7225492.44,0.009009009009009009,0.024911796876781453,0.009009009009009009,0.024911796876781453
135,RR,Administração Pública,1,20000.0,111,7225492.44,0.009009009009009009,0.0027679774307534945,0.009009009009009009,0.0027679774307534945
136,RR,Entidades sem fins lucrativos,56,3558479.12,111,7225492.44,0.5045045045045045,0.4924894945983778,0.5045045045045045,0.4924894945983778
137,RR,Entidades Empresariais,1,179719.51,111,7225492.44,0.009009009009009009,0.02487297737730385,0.009009009009009009,0.02487297737730385
138,SC,Microempresa-ME,686,14269321.0,2472,60983073.88,0.27750809061488674,0.23398822151993495,0.27750809061488674,0.23398822151993495
139,SC,MEI,753,13007307.43,2472,60983073.88,0.30461165048543687,0.2132937322181438,0.30461165048543687,0.2132937322181438
140,SC,Empresa de Pequeno Porte (EPP),162,2208697.82,2472,60983073.88,0.06553398058252427,0.03621821071771792,0.06553398058252427,0.03621821071771792
141,SC,Administração Pública,17,1201384.53,2472,60983073.88,0.006877022653721683,0.019700294746769167,0.006877022653721683,0.019700294746769167
142,SC,Entidades sem fins lucrativos,746,29083007.97,2472,60983073.88,0.3017799352750809,0.47690295223931073,0.3017799352750809,0.47690295223931073
143,SC,Entidades Empresariais,108,1213355.13,2472,60983073.88,0.043689320388349516,0.019896588558123363,0.043689320388349516,0.019896588558123363
144,SP,Microempresa-ME,1663,112573428.9,4990,376095090.33,0.33326653306613224,0.29932171888025405,0.33326653306613224,0.29932171888025405
145,SP,MEI,1759,50879459.36,4990,376095090.33,0.3525050100200401,0.13528349789239857,0.3525050100200401,0.13528349789239857
146,SP,Empresa de Pequeno Porte (EPP),221,18024064.21,4990,376095090.33,0.04428857715430862,0.04792422095748447,0.04428857715430862,0.04792422095748447
147,SP,Administração Pública,14,211783.62,4990,376095090.33,0.0028056112224448897,0.0005631118976165657,0.0028056112224448897,0.0005631118976165657
148,SP,Entidades sem fins lucrativos,1219,177931954.22,4990,376095090.33,0.24428857715430863,0.4731036346788675,0.24428857715430863,0.4731036346788675
149,SP,Entidades Empresariais,114,16474400.02,4990,376095090.33,0.022845691382765532,0.04380381569337888,0.022845691382765532,0.04380381569337888
150,SE,Microempresa-ME,90,4400310.12,389,22373200.18,0.23136246786632392,0.19667772534094405,0.23136246786632392,0.19667772534094405
151,SE,MEI,94,2619517.86,389,22373200.18,0.2416452442159383,0.11708284192360004,0.2416452442159383,0.11708284192360004
152,SE,Empresa de Pequeno Porte (EPP),14,901040.5,389,22373200.18,0.03598971722365039,0.04027320601214055,0.03598971722365039,0.04027320601214055
153,SE,Administração Pública,0,0.0,389,22373200.18,0.0,0.0,0.0,0.0
154,SE,Entidades sem fins lucrativos,184,11807865.96,389,22373200.18,0.4730077120822622,0.5277683060537476,0.4730077120822622,0.5277683060537476
155,SE,Entidades Empresariais,7,2644465.74,389,22373200.18,0.017994858611825194,0.11819792066956782,0.017994858611825194,0.11819792066956782
156,TO,Microempresa-ME,113,3949361.7,321,13810737.01,0.35202492211838005,0.2859631384726513,0.35202492211838005,0.2859631384726513
157,TO,MEI,61,1680094.1,321,13810737.01,0.19003115264797507,0.1216512991872546,0.19003115264797507,0.1216512991872546
158,TO,Empresa de Pequeno Porte (EPP),14,386081.57,321,13810737.01,0.04361370716510903,0.02795517500046871,0.04361370716510903,0.02795517500046871
159,TO,Administração Pública,0,0.0,321,13810737.01,0.0,0.0,0.0,0.0
160,TO,Entidades sem fins lucrativos,129,7468043.64,321,13810737.01,0.40186915887850466,0.5407418615380614,0.40186915887850466,0.5407418615380614
161,TO,Entidades Empresariais,4,327156.0,321,13810737.01,0.012461059190031152,0.02368852580156401,0.012461059190031152,0.02368852580156401
