,uf,codigo_uf,unidade_da_federacao,populacao_ibge_2024,total_vinculos_a_rais_2024,percentual_populacao_com_vinculo_rais_2024,numero_contemplados_sem_vinculo_trabalho_formal,numero_contemplados_com_vinculo_trabalho_formal,numero_contemplados_total,percentual_contemplados_sem_vinculo_trabalho_formal,percentual_contemplados_com_vinculo_trabalho_formal,diferenca_pp_contemplados_com_vinculo_vs_populacao_uf,razao_contemplados_com_vinculo_vs_populacao_uf,percentual_numero_contemplados_no_total_geral,percentual_numero_contemplados_sem_vinculo_no_total_geral,percentual_numero_contemplados_com_vinculo_no_total_geral,valor_pago_sem_vinculo_trabalho_formal,valor_pago_com_vinculo_trabalho_formal,valor_pago_total,percentual_valor_pago_sem_vinculo_trabalho_formal,percentual_valor_pago_com_vinculo_trabalho_formal,percentual_valor_pago_no_total_geral,percentual_valor_pago_sem_vinculo_no_total_geral,percentual_valor_pago_com_vinculo_no_total_geral
0,AC,12,Acre,880631,180093,0.2045044973433822,414.0,544.0,958.0,0.4321503131524008,0.5678496868475992,0.363345189504217,2.776710019702532,0.0070934589127312035,0.005528993829963407,0.00904014889657006,6029226.36,8393534.76,14422761.120000001,0.4180355141318461,0.5819644858681539,0.01142098751648189,0.009236097284518885,0.013758986154930354
1,AL,27,Alagoas,3220104,636259,0.19758958095763365,2943.0,2743.0,5686.0,0.5175870559268378,0.48241294407316215,0.28482336311552847,2.4414897877464456,0.042101677847379566,0.03930393439995726,0.045582956660462644,15522910.73,17571027.77,33093938.5,0.4690560094562332,0.5309439905437667,0.026206178923368274,0.02377935494217902,0.028803065064726886
2,AM,13,Amazonas,4281209,801349,0.18717820129781096,830.0,875.0,1705.0,0.4868035190615836,0.5131964809384164,0.3260182796406055,2.74175345943138,0.012624579797710546,0.011084697775047411,0.014540680670034565,22207375.41,20924331.919999998,43131707.33,0.514873553232932,0.48512644676706795,0.03415481175080853,0.0340192037043692,0.034299922669105296
3,AP,16,Amapá,802837,154926,0.19297316889978913,228.0,297.0,525.0,0.4342857142857143,0.5657142857142857,0.3727411168144966,2.931569652608342,0.003887333955306766,0.0030449531237479632,0.0049355224674288755,2267715.5,2983510.95,5251226.45,0.4318449264361852,0.5681550735638148,0.0041583016755719175,0.003473885324751911,0.004890679198680427
4,BA,29,Bahia,14850513,2774157,0.1868054659121877,8977.0,6769.0,15746.0,0.5701130445827511,0.4298869554172488,0.24308148950506112,2.3012546946529246,0.11659040087668636,0.1198883517187959,0.11248670566338739,54878261.71,49844433.0,104722694.71000001,0.5240340869948953,0.47596591300510466,0.08292701924576104,0.0840673303164633,0.08170679971632758
5,CE,23,Ceará,9233656,1871093,0.20263836989378856,4271.0,3147.0,7418.0,0.5757616608250202,0.4242383391749798,0.22159996928119122,2.0935735882465956,0.05492617767707732,0.05703945084003312,0.05229659664982717,38868061.77,36801043.89,75669105.66,0.5136582682058357,0.48634173179416434,0.05992028183340036,0.05954150306083536,0.060325603913921756
6,DF,53,Distrito Federal,2982818,1707305,0.5723798770156275,174.0,121.0,295.0,0.5898305084745763,0.4101694915254237,-0.16221038549020383,0.7166036193725674,0.002184311460600945,0.0023237800154918666,0.0020107684126562083,5995132.44,3743567.14,9738699.58,0.6155988682833977,0.38440113171660234,0.007711808120825856,0.009183869230183469,0.0061365908311687535
7,ES,32,Espírito Santo,4102129,1101019,0.2684018469433799,418.0,508.0,926.0,0.4514038876889849,0.5485961123110151,0.28019426536763525,2.0439356828522235,0.00685651665259822,0.005582414060204599,0.008441903749002925,6648941.86,7627382.16,14276324.02,0.46573206454864424,0.5342679354513558,0.01130502800795681,0.01018543179361903,0.012503081066385289
8,GO,52,Goiás,7350483,1950312,0.265331135382532,1833.0,1714.0,3547.0,0.5167747392162391,0.48322526078376093,0.21789412540122893,1.8212158180648026,0.02626356864661543,0.02447982050802639,0.028483116192501993,33153113.39,30273027.51,63426140.900000006,0.5227042496921013,0.47729575030789867,0.050225415051283986,0.05078684432652909,0.04962464304823058
9,MA,21,Maranhão,7010960,977685,0.13945094537695266,4551.0,2913.0,7464.0,0.6097266881028939,0.3902733118971061,0.25082236652015344,2.79864228128501,0.055266782176018485,0.06077886695691658,0.048408003190640786,23193784.49,21275349.84,44469134.33,0.5215704069677131,0.47842959303228694,0.03521388337683889,0.03553027157298589,0.0348753239558705
10,MG,31,Minas Gerais,21322691,6094585,0.2858262589839153,9276.0,8014.0,17290.0,0.5364950838635049,0.4635049161364951,0.1776786571525798,1.621631678573586,0.12802286492810283,0.12388151392932503,0.13317601701675086,81094587.08,80959111.63,162053698.70999998,0.5004179955504825,0.4995820044495176,0.12832586316638842,0.12422779487727977,0.1327111077613064
11,MS,50,Mato Grosso do Sul,2901895,831160,0.286419736069017,889.0,927.0,1816.0,0.4895374449339207,0.5104625550660793,0.2240428189970623,1.7822185093525675,0.013446473262546834,0.011872646171104997,0.015404812549853762,11877928.23,12344619.96,24222548.19,0.4903665847552598,0.5096334152447402,0.01918116913908722,0.01819565133574006,0.02023574810542834
12,MT,51,Mato Grosso,3836399,1209870,0.31536605029873066,817.0,980.0,1797.0,0.454646633277685,0.5453533667223149,0.22998731642358428,1.7292710049345155,0.013305788795592874,0.010911082026763535,0.016285562350438713,9943447.98,13405400.08,23348848.060000002,0.425864606016028,0.574135393983972,0.018489310056429224,0.015232244968628576,0.021974617294850195
13,PA,15,Pará,8664306,1445663,0.16685271734400886,3804.0,3046.0,6850.0,0.5553284671532847,0.44467153284671534,0.2778188155027065,2.665054186261247,0.050720452559716855,0.05080263895937392,0.05061818665248604,26506961.41,25396813.72,51903775.129999995,0.5106942865641226,0.4893057134358774,0.041101170773465125,0.04060568631557363,0.041631376808979256
14,PB,25,Paraíba,4145040,811007,0.195657219230695,5502.0,3776.0,9278.0,0.5930157361500323,0.40698426384996766,0.21132704461927265,2.080088153405174,0.068698446547307,0.07347952669676007,0.0627492688114863,21774385.23,22747417.68,44521802.91,0.48907240513185235,0.5109275948681478,0.035255590175536165,0.033355911403344804,0.03728839087092051
15,PE,26,Pernambuco,9539029,1919501,0.20122603673812084,7216.0,4846.0,12062.0,0.5982424141933345,0.40175758580666554,0.2005315490685447,1.996548718640819,0.0893124231788766,0.09637009535511099,0.08053044403084286,51941992.23,40487318.36,92429310.59,0.5619645099421486,0.4380354900578513,0.07319222676035124,0.07956929541918939,0.0663682785255419
16,PI,22,Piauí,3375646,568830,0.16850996816609323,3541.0,1753.0,5294.0,0.668870419342652,0.33112958065734793,0.1626196124912547,1.9650444674641878,0.03919913516075051,0.04729025882101552,0.02913121510236639,10382198.81,8439485.78,18821684.59,0.5516083727976232,0.44839162720237674,0.014904373923482797,0.015904361938133667,0.013834310731055052
17,PR,41,Paraná,11824665,3717135,0.3143543601446637,2015.0,1881.0,3896.0,0.5171971252566735,0.4828028747433265,0.16844851459866278,1.5358555056183854,0.028847720171190784,0.026910440984000642,0.031258308960382876,36184064.59,29786280.82,65970345.410000004,0.5484898459318223,0.4515101540681777,0.052240100568594065,0.05542992097953923,0.048826750246191576
18,RJ,33,Rio de Janeiro,17219679,4744216,0.2755112914706482,2180.0,1801.0,3981.0,0.5476011052499372,0.4523988947500628,0.1768876032794146,1.642033951985084,0.029477098049669023,0.029114025481449826,0.029928875299122575,21532592.75,19753896.56,41286489.31,0.5215408989687237,0.47845910103127626,0.032693634393971924,0.03298551249399865,0.03238130263905244
19,RN,24,Rio Grande do Norte,3446071,709350,0.20584311814817513,2832.0,1955.0,4787.0,0.5916022561102987,0.4083977438897013,0.20255462574152616,1.9840242781190198,0.03544508122676855,0.03782152301076418,0.03248803509704866,15028523.41,13214690.29,28243213.7,0.5321109548521386,0.46788904514786145,0.022365023479847406,0.023022009121818652,0.021661998900425423
20,RO,11,Rondônia,1746227,413955,0.23705680876541252,202.0,269.0,471.0,0.4288747346072187,0.5711252653927813,0.3340684566273688,2.409233754420264,0.003487493891332356,0.0026977216271802133,0.00447022068598777,2824450.74,3712696.79,6537147.53,0.43206164876012826,0.5679383512398717,0.005176587181354524,0.004326741152569921,0.006085987035462563
21,RR,14,Roraima,716793,148049,0.2065435906879671,284.0,477.0,761.0,0.3731931668856767,0.6268068331143233,0.42026324242635615,3.034743566849591,0.005634783123787522,0.0037928363471246562,0.007926748205264558,5007177.89,7784021.62,12791199.51,0.39145491289424816,0.6085450871057518,0.010128998789417603,0.007670433875189915,0.012759850141998881
22,RS,43,Rio Grande do Sul,11229915,3287525,0.29274709559244216,1881.0,1609.0,3490.0,0.5389684813753581,0.4610315186246418,0.16828442303219965,1.5748457476294915,0.025841515245753552,0.0251208632709207,0.026738234512097846,14443183.81,12884976.5,27328160.310000002,0.5285091878180658,0.4714908121819342,0.021640417888924023,0.022125334628728073,0.021121520115096656
23,SC,42,Santa Catarina,8058441,2863776,0.3553759343773814,1444.0,1491.0,2935.0,0.4919931856899489,0.5080068143100511,0.15263087993266972,1.429491322196814,0.02173204792157211,0.019284703117070433,0.024777319861738898,19012931.14,19362166.88,38375098.019999996,0.4954497088213562,0.5045502911786439,0.030388183773107435,0.02912567403969529,0.03173916516089713
24,SE,28,Sergipe,2291077,467807,0.20418650267974406,1453.0,1228.0,2681.0,0.5419619544945916,0.45803804550540844,0.25385154282566436,2.2432337078803752,0.019851318731766553,0.01940489863511312,0.020406806700345653,7686573.93,10391074.6,18077648.53,0.4251976642451074,0.5748023357548925,0.014315192248603033,0.011774967527032214,0.017033425802629124
25,SP,35,São Paulo,45973194,15994587,0.34791115448711263,6016.0,5547.0,11563.0,0.5202802040992822,0.4797197959007178,0.13180864141360515,1.3788571872836795,0.08561760480992787,0.08034402628275328,0.09217960648763626,101164119.86,79248670.24,180412790.1,0.560736962185033,0.43926303781496695,0.1428639222685654,0.1549720639000339,0.12990729029027112
26,TO,17,Tocantins,1577342,408312,0.2588607923963224,887.0,945.0,1832.0,0.48417030567685587,0.5158296943231441,0.25696890192682165,1.9926914753988536,0.013564944392613324,0.0118459360559844,0.015703935123637332,7619752.41,10684356.4,18304108.810000002,0.416286446343519,0.5837135536564808,0.014494519910577026,0.011672604467069175,0.017514183950545947
